country,iso2,iso3,region,wb_econ,minage_fem_leg,minage_fem_pc,minage_fem_crlaw,minage_fem_any,protect_girl_13,protect_girl_15,protect_girl_17,except_crlaw,except_pc,except_preg,minage_mal_leg,minage_mal_pc,minage_mal_crlaw,minage_mal_any,protect_boy_13,protect_boy_15,protect_boy_17,legal_diff_leg,legal_diff_pc,minage_fem_loop,minage_mal_loop,loop_summ,minage_par_18_f_1995,minage_par_18_f_1996,minage_par_18_f_1997,minage_par_18_f_1998,minage_par_18_f_1999,minage_par_18_f_2000,minage_par_18_f_2001,minage_par_18_f_2002,minage_par_18_f_2003,minage_par_18_f_2004,minage_par_18_f_2005,minage_par_18_f_2006,minage_par_18_f_2007,minage_par_18_f_2008,minage_par_18_f_2009,minage_par_18_f_2010,minage_par_18_f_2011,minage_par_18_f_2012,minage_par_18_f_2013,minage_par_18_f_2014,minage_par_18_f_2015,minage_par_18_f_2016,minage_par_18_f_2017,minage_par_18_f_2018,minage_par_18_f_2019,minage_par_18_f_2020,minage_par_18_f_2021,minage_par_18_f_2022,minage_par_18_f_2023,minage_par_18_m_1995,minage_par_18_m_1996,minage_par_18_m_1997,minage_par_18_m_1998,minage_par_18_m_1999,minage_par_18_m_2000,minage_par_18_m_2001,minage_par_18_m_2002,minage_par_18_m_2003,minage_par_18_m_2004,minage_par_18_m_2005,minage_par_18_m_2006,minage_par_18_m_2007,minage_par_18_m_2008,minage_par_18_m_2009,minage_par_18_m_2010,minage_par_18_m_2011,minage_par_18_m_2012,minage_par_18_m_2013,minage_par_18_m_2014,minage_par_18_m_2015,minage_par_18_m_2016,minage_par_18_m_2017,minage_par_18_m_2018,minage_par_18_m_2019,minage_par_18_m_2020,minage_par_18_m_2021,minage_par_18_m_2022,minage_par_18_m_2023
Afghanistan,AF,AFG,South Asia,1,,,,,,,,,5,,,,,,,,,,,,,,0,0,0,0,0,0,0,0,0,0,0,0,0,0,0,0,0,0,0,0,0,0,0,0,0,0,0,,,1,1,1,1,1,1,1,1,1,1,1,1,1,1,1,1,1,1,1,1,1,1,1,1,1,1,1,,
Albania,AL,ALB,Europe & Central Asia,2,5,5,5,1,3,3,3,5,5,5,5,5,5,1,3,3,3,5,5,5,5,5,0,0,0,0,0,0,0,0,1,1,1,1,1,1,1,1,1,1,1,1,1,1,1,1,1,1,1,1,1,1,1,1,1,1,1,1,1,1,1,1,1,1,1,1,1,1,1,1,1,1,1,1,1,1,1,1,1,1
Algeria,DZ,DZA,Middle East & North Africa,2,5,5,5,1,3,3,3,5,3,5,5,5,5,1,3,3,3,5,5,5,5,5,1,1,1,1,1,1,1,1,1,1,1,1,1,1,1,1,1,1,1,1,1,1,1,1,1,1,1,1,1,1,1,1,1,1,1,1,1,1,1,1,1,1,1,1,1,1,1,1,1,1,1,1,1,1,1,1,1,1
Andorra,AD,AND,Europe & Central Asia,4,5,5,5,5,5,5,5,5,5,5,5,5,5,5,5,5,5,5,5,5,5,5,,,,,,,,,,,,,,,,,,,,,,,,,,,,,,,,,,,,,,,,,,,,,,,,,,,,,,,,,,
Angola,AO,AGO,Sub-Saharan Africa,2,5,2,5,2,5,2,2,5,2,5,5,3,5,3,5,5,2,5,3,2,3,2,0,0,0,0,0,0,0,0,0,0,0,0,0,0,0,0,0,0,0,0,0,0,0,0,0,0,0,0,0,0,0,0,0,0,0,0,0,0,0,0,0,0,0,0,0,0,0,0,0,0,0,0,0,0,0,0,0,0
Antigua and Barbuda,AG,ATG,Americas,4,5,5,5,5,5,5,5,5,5,5,5,5,5,5,5,5,5,5,5,5,5,5,,,,,,,,,,,,,,,,,,,,,,,,,,,,,,,,,,,,,,,,,,,,,,,,,,,,,,,,,,
Argentina,AR,ARG,Americas,2,5,3,5,1,3,3,2,5,2,5,5,3,5,1,3,3,2,5,5,3,3,3,0,0,0,0,0,0,0,0,0,0,0,0,0,0,1,1,1,1,1,1,0,0,0,0,0,0,0,0,0,1,1,1,1,1,1,1,1,1,1,1,1,1,1,1,1,1,1,1,1,0,0,0,0,0,0,0,0,0
Armenia,AM,ARM,Europe & Central Asia,2,5,3,5,3,5,5,2,5,2,5,5,3,5,3,5,5,2,5,5,3,3,3,0,0,0,0,0,0,0,0,0,0,0,0,0,0,0,0,0,0,0,0,0,0,0,0,0,0,0,0,0,1,1,1,1,1,1,1,1,1,1,1,1,1,1,1,1,1,1,0,0,0,0,0,0,0,0,0,0,0
Australia,AU,AUS,East Asia & Pacific,4,5,5,5,3,5,5,3,5,3,5,5,5,5,3,5,5,3,5,5,5,5,5,,,,,,,,,,,,,,,,,,,,,,,,,,,,,,,,,,,,,,,,,,,,,,,,,,,,,,,,,,
Austria,AT,AUT,Europe & Central Asia,4,5,5,5,3,5,5,3,5,3,5,5,5,5,3,5,5,3,5,5,5,5,5,,,,,,,,,,,,,,,,,,,,,,,,,,,,,,,,,,,,,,,,,,,,,,,,,,,,,,,,,,
Azerbaijan,AZ,AZE,Europe & Central Asia,2,5,5,5,3,5,5,3,5,5,5,5,5,5,3,5,5,3,5,5,5,5,5,1,1,1,1,0,0,0,0,0,0,0,0,0,0,0,0,1,1,1,1,1,1,1,1,1,1,1,1,1,1,1,1,1,1,1,1,1,1,1,1,1,1,1,1,1,1,1,1,1,1,1,1,1,1,1,1,1,1
Bahamas,BS,BHS,Americas,4,5,2,5,1,3,2,2,5,2,5,5,2,5,1,3,2,2,5,5,2,2,3,,,,,,,,,,,,,,,,,,,,,,,,,,,,,,,,,,,,,,,,,,,,,,,,,,,,,,,,,,
Bahrain,BH,BHR,Middle East & North Africa,4,3,3,1,1,2,2,1,1,1,1,5,5,1,1,2,2,2,3,3,1,1,1,,,,,,,,,,,,,,,,,,,,,,,,,,,,,,,,,,,,,,,,,,,,,,,,,,,,,,,,,,
Bangladesh,BD,BGD,South Asia,2,5,5,1,1,2,2,2,2,3,5,5,5,1,1,2,2,2,2,2,1,1,1,1,1,1,1,1,1,1,1,1,1,1,1,1,1,1,1,1,1,1,1,1,1,1,1,1,1,1,1,1,1,1,1,1,1,1,1,1,1,1,1,1,1,1,1,1,1,1,1,1,1,1,1,1,1,1,1,1,1
Barbados,BB,BRB,Americas,4,5,3,5,3,5,5,2,5,2,5,5,3,5,3,5,5,2,5,5,3,3,3,0,0,0,0,0,0,0,0,0,0,0,0,0,0,0,0,0,0,0,0,0,0,0,0,0,0,0,0,0,0,0,0,0,0,0,0,0,0,0,0,0,0,0,0,0,0,0,0,0,0,0,0,0,0,0,0,0,0
Belarus,BY,BLR,Europe & Central Asia,2,5,5,5,2,5,3,3,5,5,2,5,5,5,2,5,3,3,5,5,5,5,5,1,1,1,1,1,1,1,1,1,1,1,1,1,1,1,1,1,1,1,1,1,1,1,1,1,1,1,1,1,1,1,1,1,1,1,1,1,1,1,1,1,1,1,1,1,1,1,1,1,1,1,1,1,1,1,1,1,1
Belgium,BE,BEL,Europe & Central Asia,4,5,5,5,1,3,3,3,5,3,5,5,5,5,1,3,3,3,5,5,5,5,5,,,,,,,,,,,,,,,,,,,,,,,,,,,,,,,,,,,,,,,,,,,,,,,,,,,,,,,,,,
Belize,BZ,BLZ,Americas,2,5,3,5,3,5,5,2,5,2,5,5,3,5,3,5,5,2,5,5,3,3,3,0,0,0,0,0,0,0,0,0,0,0,0,0,0,0,0,0,0,0,0,0,0,0,0,0,0,0,0,0,0,0,0,0,0,0,0,0,0,0,0,0,0,0,0,0,0,0,0,0,0,0,0,0,0,0,0,0,0
Benin,BJ,BEN,Sub-Saharan Africa,2,5,5,5,5,5,5,5,5,5,5,5,5,5,5,5,5,5,5,5,5,5,5,0,0,0,0,0,0,0,0,0,1,1,1,1,1,1,1,1,1,1,1,1,1,1,1,1,1,1,1,1,1,1,1,1,1,1,1,1,1,1,1,1,1,1,1,1,1,1,1,1,1,1,1,1,1,1,1,1,1
Bhutan,BT,BTN,South Asia,2,5,5,5,5,5,5,5,5,5,5,5,5,5,5,5,5,5,5,5,5,5,5,0,1,1,1,1,1,1,1,1,1,1,1,1,1,1,1,1,1,1,1,1,1,1,1,1,1,1,1,1,1,1,1,1,1,1,1,1,1,1,1,1,1,1,1,1,1,1,1,1,1,1,1,1,1,1,1,1,1
Bolivia,BO,BOL,Americas,2,5,3,5,3,5,5,2,5,2,5,5,3,5,3,5,5,2,5,5,3,3,3,0,0,0,0,0,0,0,0,0,0,0,0,0,0,0,0,0,0,0,0,0,0,0,0,0,0,0,0,0,0,0,0,0,0,0,0,0,0,0,0,0,0,0,0,0,0,0,0,0,0,0,0,0,0,0,0,0,0
Bosnia and Herzegovina,BA,BIH,Europe & Central Asia,2,5,5,5,3,5,5,3,5,5,5,5,5,5,3,5,5,3,5,5,5,5,5,,,,,,,,,,1,1,1,1,1,1,1,1,1,1,1,1,1,1,1,1,1,1,1,1,,,,,,,,,,1,1,1,1,1,1,1,1,1,1,1,1,1,1,1,1,1,1,1,1
Botswana,BW,BWA,Sub-Saharan Africa,2,5,5,9,9,2,2,2,2,5,5,5,5,9,9,2,2,2,5,5,9,9,9,0,0,0,0,0,0,1,1,1,1,1,1,1,1,1,1,1,1,1,1,1,1,1,1,1,1,1,1,1,0,0,0,0,0,0,1,1,1,1,1,1,1,1,1,1,1,1,1,1,1,1,1,1,1,1,1,1,1
Brazil,BR,BRA,Americas,2,5,3,5,3,5,5,2,5,2,5,5,3,5,3,5,5,2,5,5,3,3,3,0,0,0,0,0,0,0,0,0,0,0,0,0,0,0,0,0,0,0,0,0,0,0,0,0,0,0,0,0,1,1,1,1,1,1,1,0,0,0,0,0,0,0,0,0,0,0,0,0,0,0,0,0,0,0,0,0,0
Brunei,BN,BRN,East Asia & Pacific,4,5,2,9,9,2,2,2,2,2,5,5,2,9,9,2,2,2,5,5,9,9,9,,,,,,,,,,,,,,,,,,,,,,,,,,,,,,,,,,,,,,,,,,,,,,,,,,,,,,,,,,
Bulgaria,BG,BGR,Europe & Central Asia,2,5,5,5,3,5,5,3,5,5,5,5,5,5,3,5,5,3,5,5,5,5,5,,,,,,,,,,,,,,,,,,,,,,,,,,,,,,,,,,,,,,,,,,,,,,,,,,,,,,,,,,
Burkina Faso,BF,BFA,Sub-Saharan Africa,1,5,3,5,2,5,3,2,5,2,5,5,5,5,5,5,5,5,5,2,3,5,2,0,0,0,0,0,0,0,0,0,0,0,0,0,0,0,0,0,0,0,0,0,0,0,0,0,0,0,0,0,1,1,1,1,1,1,1,1,1,1,1,1,1,1,1,1,1,1,1,1,1,1,1,1,1,1,1,1,1
Burundi,BI,BDI,Sub-Saharan Africa,1,5,5,5,1,3,3,3,5,3,5,5,5,5,1,3,3,3,5,2,5,5,3,1,1,1,1,1,1,1,1,1,1,1,1,1,1,1,1,1,1,1,1,1,1,1,1,1,1,1,1,1,1,1,1,1,1,1,1,1,1,1,1,1,1,1,1,1,1,1,1,1,1,1,1,1,1,1,1,1,1
Cambodia,KH,KHM,East Asia & Pacific,2,5,3,5,3,5,5,2,5,2,5,5,3,5,3,5,5,2,5,5,3,3,3,1,1,1,1,1,1,1,1,1,1,1,1,0,0,0,0,0,0,0,0,0,0,0,0,0,0,0,0,0,1,1,1,1,1,1,1,1,1,1,1,1,0,0,0,0,0,0,0,0,0,0,0,0,0,0,0,0,0
Cameroon,CM,CMR,Sub-Saharan Africa,2,5,2,9,9,2,2,2,2,2,5,5,5,9,9,2,2,2,5,2,9,9,9,0,0,0,0,0,0,0,0,0,0,0,0,0,0,0,0,0,0,0,0,0,0,0,0,0,0,0,0,0,1,1,1,1,1,1,1,1,1,1,1,1,1,1,1,1,1,1,1,1,1,1,1,1,1,1,1,1,1
Canada,CA,CAN,Americas,4,5,3,5,3,5,5,2,5,2,5,5,3,5,3,5,5,2,5,5,3,3,3,,,,,,,,,,,,,,,,,,,,,,,,,,,,,,,,,,,,,,,,,,,,,,,,,,,,,,,,,,
Cabo Verde,CV,CPV,Sub-Saharan Africa,2,5,3,5,3,5,5,2,5,2,5,5,3,5,3,5,5,2,5,5,3,3,3,0,0,0,0,0,0,0,0,0,0,0,0,0,0,0,0,0,0,0,0,0,0,0,0,0,0,0,0,0,0,0,0,0,0,0,0,0,0,0,0,0,0,0,0,0,0,0,0,0,0,0,0,0,0,0,0,0,0
Central African Republic,CF,CAF,Sub-Saharan Africa,1,5,5,5,5,5,5,5,5,5,5,5,5,5,5,5,5,5,5,5,5,5,5,0,0,0,1,1,1,1,1,1,1,1,1,1,1,1,1,1,1,1,1,1,1,1,1,1,1,1,1,1,1,1,1,1,1,1,1,1,1,1,1,1,1,1,1,1,1,1,1,1,1,1,1,1,1,1,1,1,1
Chad,TD,TCD,Sub-Saharan Africa,1,5,5,5,5,5,5,5,5,5,5,5,5,5,5,5,5,5,5,5,5,5,5,0,0,0,0,0,0,0,0,0,0,0,0,0,0,0,0,0,0,0,0,1,1,1,1,1,1,1,1,1,1,1,1,1,1,1,1,1,1,1,1,1,1,1,1,1,1,1,1,1,1,1,1,1,1,1,1,1,1
Chile,CL,CHL,Americas,4,5,5,5,5,5,5,5,5,5,5,5,5,5,5,5,5,5,5,5,5,5,5,,,,,,,,,,,,,,,,,,,,,,,,,,,,,,,,,,,,,,,,,,,,,,,,,,,,,,,,,,
China,CN,CHN,East Asia & Pacific,2,5,5,5,5,5,5,5,5,5,5,5,5,5,5,5,5,5,3,3,5,5,3,,,,,,,,,,,,,,,,,,,,,,,,,,,,,,,,,,,,,,,,,,,,,,,,,,,,,,,,,,
Colombia,CO,COL,Americas,2,5,1,5,1,2,2,2,5,2,5,5,2,5,2,5,2,2,5,3,1,2,1,0,0,0,0,0,0,0,0,0,0,0,0,0,0,0,0,0,0,0,0,0,0,0,0,0,0,0,0,0,0,0,0,0,0,0,0,0,0,0,0,0,0,0,0,0,0,0,0,0,0,0,0,0,0,0,0,0,0
Comoros,KM,COM,Sub-Saharan Africa,2,5,5,,1,,,,,3,5,5,5,,1,,,,5,5,,,,0,0,0,0,0,0,1,1,1,1,1,1,1,1,1,1,1,1,1,1,1,1,1,1,1,1,1,1,1,0,0,0,0,0,0,1,1,1,1,1,1,1,1,1,1,1,1,1,1,1,1,1,1,1,1,1,1,1
Democratic Republic of the Congo,CD,COD,Sub-Saharan Africa,1,5,5,5,5,5,5,5,5,5,5,5,5,5,5,5,5,5,5,5,5,5,5,0,0,0,0,0,0,0,0,0,0,0,0,0,0,1,1,1,1,1,1,1,1,1,1,1,1,1,1,1,1,1,1,1,1,1,1,1,1,1,1,1,1,1,1,1,1,1,1,1,1,1,1,1,1,1,1,1,1
Republic of the Congo,CG,COG,Sub-Saharan Africa,2,5,5,5,1,3,3,3,5,3,5,5,5,5,1,3,3,3,2,2,5,5,3,1,1,1,1,1,1,1,1,1,1,1,1,1,1,1,1,1,1,1,1,1,1,1,1,1,1,1,1,1,1,1,1,1,1,1,1,1,1,1,1,1,1,1,1,1,1,1,1,1,1,1,1,1,1,1,1,1,1
Costa Rica,CR,CRI,Americas,2,5,5,5,5,5,5,5,5,5,5,5,5,5,5,5,5,5,5,5,5,5,5,0,0,0,0,0,0,0,0,0,0,0,0,0,0,0,0,0,0,0,0,0,0,1,1,1,1,1,1,1,0,0,0,0,0,0,0,0,0,0,0,0,0,0,0,0,0,0,0,0,0,0,1,1,1,1,1,1,1
Cote d'Ivoire,CI,CIV,Sub-Saharan Africa,2,5,5,5,5,5,5,5,5,5,5,5,5,5,5,5,5,5,5,5,5,5,5,1,1,1,1,1,1,1,1,1,1,1,1,1,1,1,1,1,1,1,1,1,1,1,1,1,1,1,1,1,1,1,1,1,1,1,1,1,1,1,1,1,1,1,1,1,1,1,1,1,1,1,1,1,1,1,1,1,1
Croatia,HR,HRV,Europe & Central Asia,4,5,5,5,3,5,5,3,5,5,5,5,5,5,3,5,5,3,5,5,5,5,5,,,,,,,,,,,,,,,,,,,,,,,,,,,,,,,,,,,,,,,,,,,,,,,,,,,,,,,,,,
Cuba,CU,CUB,Americas,2,5,5,5,5,5,5,5,5,5,5,5,5,5,5,5,5,5,5,5,5,5,5,0,0,0,0,0,0,0,0,0,0,0,0,0,0,0,0,0,0,0,0,0,0,0,0,0,0,0,1,1,0,0,0,0,0,0,0,0,0,0,0,0,0,0,0,0,0,0,0,0,0,0,0,0,0,0,0,1,1
Cyprus,CY,CYP,Europe & Central Asia,4,5,5,5,5,5,5,5,5,5,5,5,5,5,5,5,5,5,5,5,5,5,5,,,,,,,,,,,,,,,,,,,,,,,,,,,,,,,,,,,,,,,,,,,,,,,,,,,,,,,,,,
Czech Republic,CZ,CZE,Europe & Central Asia,4,5,5,5,3,5,5,3,5,5,5,5,5,5,3,5,5,3,5,5,5,5,5,,,,,,,,,,,,,,,,,,,,,,,,,,,,,,,,,,,,,,,,,,,,,,,,,,,,,,,,,,
Denmark,DK,DNK,Europe & Central Asia,4,5,5,5,5,5,5,5,5,5,5,5,5,5,5,5,5,5,5,5,5,5,5,,,,,,,,,,,,,,,,,,,,,,,,,,,,,,,,,,,,,,,,,,,,,,,,,,,,,,,,,,
Djibouti,DJ,DJI,Middle East & North Africa,2,1,1,1,1,1,1,1,1,1,1,5,1,5,1,2,2,2,1,1,1,1,1,,,,,,,,0,0,0,0,0,0,0,0,0,0,0,0,0,0,0,0,0,0,0,0,0,0,,,,,,,,0,0,0,0,0,0,0,0,0,0,0,0,0,0,0,0,0,0,0,0,0,0
Dominica,DM,DMA,Americas,2,5,3,5,3,5,5,2,5,2,5,5,3,5,3,5,5,2,5,5,3,3,3,,,,,,,,,,,,,,,,,,,,,,,,,,,,,,,,,,,,,,,,,,,,,,,,,,,,,,,,,,
Dominican Republic,DO,DOM,Americas,2,5,5,5,5,5,5,5,5,5,5,5,5,5,5,5,5,5,5,5,5,5,5,0,0,0,0,0,0,0,0,0,0,0,0,0,0,0,0,0,0,0,0,0,0,0,0,0,0,1,1,1,1,1,1,1,1,1,1,1,1,1,1,1,1,1,1,1,1,1,1,1,1,1,1,1,1,1,1,1,1
Ecuador,EC,ECU,Americas,2,5,5,5,5,5,5,5,5,5,5,5,5,5,5,5,5,5,5,5,5,5,5,0,0,0,0,0,0,0,0,0,0,0,0,0,0,0,0,0,0,0,0,1,1,1,1,1,1,1,1,1,0,0,0,0,0,0,0,0,0,0,0,0,0,0,0,0,0,0,0,0,1,1,1,1,1,1,1,1,1
Egypt,EG,EGY,Middle East & North Africa,2,5,5,5,5,5,5,5,5,5,5,5,5,5,5,5,5,5,5,5,5,5,5,0,0,0,0,0,0,0,0,0,0,0,0,0,1,1,1,1,1,1,1,1,1,1,1,1,1,1,1,1,1,1,1,1,1,1,1,1,1,1,1,1,1,1,1,1,1,1,1,1,1,1,1,1,1,1,1,1,1
El Salvador,SV,SLV,Americas,2,5,5,5,5,5,5,5,5,5,5,5,5,5,5,5,5,5,5,5,5,5,5,1,1,1,1,1,1,1,1,1,1,1,1,1,1,1,1,1,1,1,1,1,1,1,1,1,1,1,1,1,1,1,1,1,1,1,1,1,1,1,1,1,1,1,1,1,1,1,1,1,1,1,1,1,1,1,1,1,1
Equatorial Guinea,GQ,GNQ,Sub-Saharan Africa,2,5,1,9,9,2,2,2,2,2,5,5,2,9,9,2,2,2,5,3,1,9,1,0,0,0,0,0,0,0,0,0,0,0,0,0,0,0,0,0,0,0,0,0,0,0,0,0,0,0,0,0,0,0,0,0,0,0,0,0,0,0,0,0,0,0,0,0,0,0,0,0,0,0,0,0,0,0,0,0,0
Eritrea,ER,ERI,Sub-Saharan Africa,1,5,5,9,9,2,2,2,2,5,2,5,5,9,9,2,2,2,5,5,9,9,9,1,1,1,1,1,1,1,1,1,1,1,1,1,1,1,1,1,1,1,1,1,1,1,1,1,1,1,1,1,1,1,1,1,1,1,1,1,1,1,1,1,1,1,1,1,1,1,1,1,1,1,1,1,1,1,1,1,1
Estonia,EE,EST,Europe & Central Asia,4,5,5,5,5,5,5,5,5,5,5,5,5,5,5,5,5,5,5,5,5,5,5,,,,,,,,,,,,,,,,,,,,,,,,,,,,,,,,,,,,,,,,,,,,,,,,,,,,,,,,,,
Ethiopia,ET,ETH,Sub-Saharan Africa,1,5,5,,,,,,,5,5,5,5,,,,,,5,5,,,,0,0,0,0,0,1,1,1,1,1,1,1,1,1,1,1,1,1,1,1,1,1,1,1,1,1,1,1,1,1,1,1,1,1,1,1,1,1,1,1,1,1,1,1,1,1,1,1,1,1,1,1,1,1,1,1,1,1
Fiji,FJ,FJI,East Asia & Pacific,2,5,5,5,5,5,5,5,5,5,5,5,5,5,5,5,5,5,5,5,5,5,5,,,,,,,,,,,,,,,,,,,,,,,,,,,,,,,,,,,,,,,,,,,,,,,,,,,,,,,,,,
Finland,FI,FIN,Europe & Central Asia,4,5,5,5,5,5,5,5,5,5,5,5,5,5,5,5,5,5,5,5,5,5,5,,,,,,,,,,,,,,,,,,,,,,,,,,,,,,,,,,,,,,,,,,,,,,,,,,,,,,,,,,
France,FR,FRA,Europe & Central Asia,4,5,5,5,1,3,3,3,5,3,5,5,5,5,1,3,3,3,5,5,5,5,5,,,,,,,,,,,,,,,,,,,,,,,,,,,,,,,,,,,,,,,,,,,,,,,,,,,,,,,,,,
Gabon,GA,GAB,Sub-Saharan Africa,2,5,5,5,1,3,3,3,5,3,5,5,5,5,1,3,3,3,5,5,5,5,5,0,0,0,0,0,0,0,0,0,0,0,0,0,0,0,0,0,0,0,0,0,0,0,0,0,0,1,1,1,1,1,1,1,1,1,1,1,1,1,1,1,1,1,1,1,1,1,1,1,1,1,1,1,1,1,1,1,1
The Gambia,GM,GMB,Sub-Saharan Africa,1,5,5,5,5,5,5,5,5,5,5,5,5,5,5,5,5,5,5,5,5,5,5,0,0,0,0,0,0,0,0,0,0,1,1,1,1,1,1,1,1,1,1,1,1,1,1,1,1,1,1,1,0,0,0,0,0,0,0,0,0,0,1,1,1,1,1,1,1,1,1,1,1,1,1,1,1,1,1,1,1
Georgia,GE,GEO,Europe & Central Asia,2,5,5,5,5,5,5,5,5,5,5,5,5,5,5,5,5,5,5,5,5,5,5,,,1,1,1,1,1,1,1,1,1,1,1,1,1,1,1,1,1,1,1,1,1,1,1,1,1,1,1,,,1,1,1,1,1,1,1,1,1,1,1,1,1,1,1,1,1,1,1,1,1,1,1,1,1,1,1
Germany,DE,DEU,Europe & Central Asia,4,5,5,5,5,5,5,5,5,5,5,5,5,5,5,5,5,5,5,5,5,5,5,,,,,,,,,,,,,,,,,,,,,,,,,,,,,,,,,,,,,,,,,,,,,,,,,,,,,,,,,,
Ghana,GH,GHA,Sub-Saharan Africa,2,5,5,5,5,5,5,5,5,5,5,5,5,5,5,5,5,5,5,5,5,5,5,0,0,0,0,1,1,1,1,1,1,1,1,1,1,1,1,1,1,1,1,1,1,1,1,1,1,1,1,1,0,0,0,0,1,1,1,1,1,1,1,1,1,1,1,1,1,1,1,1,1,1,1,1,1,1,1,1,1
Greece,GR,GRC,Europe & Central Asia,4,5,5,1,1,2,2,2,2,3,5,5,5,1,1,2,2,2,5,5,1,1,1,,,,,,,,,,,,,,,,,,,,,,,,,,,,,,,,,,,,,,,,,,,,,,,,,,,,,,,,,,
Grenada,GD,GRD,Americas,2,5,3,5,3,5,5,2,5,2,5,5,3,5,3,5,5,2,5,5,3,3,3,,,,,,,,,,,,,,,,,,,,,,,,,,,,,,,,,,,,,,,,,,,,,,,,,,,,,,,,,,
Guatemala,GT,GTM,Americas,2,5,5,5,5,5,5,5,5,5,5,5,5,5,5,5,5,5,5,5,5,5,5,0,0,0,0,0,0,0,0,0,0,0,0,0,0,0,0,0,0,0,0,0,0,1,1,1,1,1,1,1,0,0,0,0,0,0,0,0,0,0,0,0,0,0,0,0,0,0,0,0,0,0,1,1,1,1,1,1,1
Guinea,GN,GIN,Sub-Saharan Africa,2,5,5,5,1,3,3,3,5,3,5,5,5,5,1,3,3,3,5,5,5,5,5,0,0,0,0,0,0,0,0,0,0,0,0,0,1,1,1,1,1,1,1,1,1,1,1,1,1,1,1,1,1,1,1,1,1,1,1,1,1,1,1,1,1,1,1,1,1,1,1,1,1,1,1,1,1,1,1,1,1
Guinea-Bissau,GW,GNB,Sub-Saharan Africa,1,5,3,5,3,5,5,2,5,2,5,5,3,5,3,5,5,2,5,5,3,3,3,0,0,0,0,0,0,0,0,0,0,0,0,0,0,0,0,0,0,0,0,0,0,0,0,0,0,0,0,0,0,0,0,0,0,0,0,0,0,0,0,0,0,0,0,0,0,0,0,0,0,0,0,0,0,0,0,0,0
Guyana,GY,GUY,Americas,4,5,3,5,1,3,3,2,5,2,2,5,3,5,1,3,3,2,5,5,3,3,3,0,0,0,0,0,0,0,0,0,0,0,0,0,0,0,0,0,0,0,0,0,0,0,0,0,0,0,0,0,0,0,0,0,0,0,0,0,0,0,0,0,0,0,0,0,0,0,0,0,0,0,0,0,0,0,0,0,0
Haiti,HT,HTI,Americas,2,5,2,5,1,3,2,2,5,2,5,5,5,5,1,3,3,3,5,2,2,5,2,0,0,0,0,0,0,0,0,0,0,0,0,0,0,0,0,0,0,0,0,0,0,0,0,0,0,0,0,0,1,1,1,1,1,1,1,1,1,1,1,1,1,1,1,1,1,1,1,1,1,1,1,1,1,1,1,1,1
Honduras,HN,HND,Americas,2,5,5,5,5,5,5,5,5,5,5,5,5,5,5,5,5,5,5,5,5,5,5,0,0,0,0,0,0,0,0,0,0,0,0,0,0,0,0,0,0,1,1,1,1,1,1,1,1,1,1,1,1,1,1,1,1,1,1,1,1,1,1,1,1,1,1,1,1,1,1,1,1,1,1,1,1,1,1,1,1
Hungary,HU,HUN,Europe & Central Asia,4,5,5,5,3,5,5,3,5,5,5,5,5,5,3,5,5,3,5,5,5,5,5,,,,,,,,,,,,,,,,,,,,,,,,,,,,,,,,,,,,,,,,,,,,,,,,,,,,,,,,,,
Iceland,IS,ISL,Europe & Central Asia,4,5,5,5,1,3,3,3,5,3,5,5,5,5,1,3,3,3,5,5,5,5,5,,,,,,,,,,,,,,,,,,,,,,,,,,,,,,,,,,,,,,,,,,,,,,,,,,,,,,,,,,
India,IN,IND,South Asia,2,5,5,5,5,5,5,5,5,5,5,5,5,5,5,5,5,5,2,2,5,5,3,1,1,1,1,1,1,1,1,1,1,1,1,1,1,1,1,1,1,1,1,1,1,1,1,1,1,1,1,1,1,1,1,1,1,1,1,1,1,1,1,1,1,1,1,1,1,1,1,1,1,1,1,1,1,1,1,1,1
Indonesia,ID,IDN,East Asia & Pacific,2,5,5,1,1,2,2,2,2,3,5,5,5,1,1,2,2,2,5,5,1,1,1,0,0,0,0,0,0,0,0,0,0,0,0,0,0,0,0,0,0,0,0,0,0,0,0,1,1,1,1,1,1,1,1,1,1,1,1,1,1,1,1,1,1,1,1,1,1,1,1,1,1,1,1,1,1,1,1,1,1
Iran,IR,IRN,Middle East & North Africa,2,1,1,1,1,1,1,1,1,1,1,2,2,1,1,2,1,1,3,3,1,1,1,,,,,,,,,,,,,,,,,,,,,,,,,,,,,,,,,,,,,,,,,,,,,,,,,,,,,,,,,,
Iraq,IQ,IRQ,Middle East & North Africa,2,5,5,,,,,,2,3,5,5,5,,,,,,5,5,,,,1,1,1,1,1,1,1,1,1,1,1,1,1,1,1,1,1,1,1,1,1,1,1,1,1,1,1,1,1,1,1,1,1,1,1,1,1,1,1,1,1,1,1,1,1,1,1,1,1,1,1,1,1,1,1,1,1,1
Ireland,IE,IRL,Europe & Central Asia,4,5,5,5,5,5,5,5,5,5,5,5,5,5,5,5,5,5,5,5,5,5,5,,,,,,,,,,,,,,,,,,,,,,,,,,,,,,,,,,,,,,,,,,,,,,,,,,,,,,,,,,
Israel,IL,ISR,Middle East & North Africa,4,5,5,3,3,5,5,2,2,5,5,5,5,3,3,5,5,2,5,5,3,3,3,,,,,,,,,,,,,,,,,,,,,,,,,,,,,,,,,,,,,,,,,,,,,,,,,,,,,,,,,,
Italy,IT,ITA,Europe & Central Asia,4,5,5,5,3,5,5,3,5,5,5,5,5,5,3,5,5,3,5,5,5,5,5,,,,,,,,,,,,,,,,,,,,,,,,,,,,,,,,,,,,,,,,,,,,,,,,,,,,,,,,,,
Jamaica,JM,JAM,Americas,2,5,3,5,3,5,5,2,5,2,5,5,3,5,3,5,5,2,5,5,3,3,3,0,0,0,0,0,0,0,0,0,0,0,0,0,0,0,0,0,0,0,0,0,0,0,0,0,0,0,0,0,0,0,0,0,0,0,0,0,0,0,0,0,0,0,0,0,0,0,0,0,0,0,0,0,0,0,0,0,0
Japan,JP,JPN,East Asia & Pacific,4,5,5,5,5,5,5,5,5,5,5,5,5,5,5,5,5,5,5,5,5,5,5,,,,,,,,,,,,,,,,,,,,,,,,,,,,,,,,,,,,,,,,,,,,,,,,,,,,,,,,,,
Jordan,JO,JOR,Middle East & North Africa,2,5,5,3,3,5,5,2,2,3,5,5,5,3,3,5,5,2,5,5,3,3,3,0,0,0,0,0,0,1,1,1,1,1,1,1,1,1,1,1,1,1,1,1,1,1,1,1,1,1,1,1,0,0,0,0,0,0,1,1,1,1,1,1,1,1,1,1,1,1,1,1,1,1,1,1,1,1,1,1,1
Kazakhstan,KZ,KAZ,Europe & Central Asia,2,5,5,5,3,5,5,3,5,3,2,5,5,5,3,5,5,3,5,5,5,5,5,0,0,0,1,1,1,1,1,1,1,1,1,1,1,1,1,1,1,1,1,1,1,1,1,1,1,1,1,1,1,1,1,1,1,1,1,1,1,1,1,1,1,1,1,1,1,1,1,1,1,1,1,1,1,1,1,1,1
Kenya,KE,KEN,Sub-Saharan Africa,2,5,5,5,5,5,5,5,5,5,5,5,5,5,5,5,5,5,5,5,5,5,5,0,0,0,0,0,0,0,0,0,0,0,0,0,0,0,0,0,0,0,1,1,1,1,1,1,1,1,1,1,0,0,0,0,0,0,0,0,0,0,0,0,0,0,0,0,0,0,0,1,1,1,1,1,1,1,1,1,1
Kiribati,KI,KIR,East Asia & Pacific,2,5,5,5,5,5,5,5,5,5,5,5,5,5,5,5,5,5,5,5,5,5,5,,,,,,,,,,,,,,,,,,,,,,,,,,,,,,,,,,,,,,,,,,,,,,,,,,,,,,,,,,
Democratic People's Republic of Korea,KP,PRK,East Asia & Pacific,1,3,3,3,3,5,5,1,1,1,1,5,5,5,5,5,5,5,3,3,3,5,2,0,0,0,0,0,0,0,0,0,0,0,0,0,0,0,0,0,0,0,0,0,0,0,0,0,0,0,0,0,1,1,1,1,1,1,1,1,1,1,1,1,1,1,1,1,1,1,1,1,1,1,1,1,1,1,1,1,1
Republic of Korea,KR,KOR,East Asia & Pacific,4,5,5,5,5,5,5,5,5,5,5,5,5,5,5,5,5,5,5,5,5,5,5,,,,,,,,,,,,,,,,,,,,,,,,,,,,,,,,,,,,,,,,,,,,,,,,,,,,,,,,,,
Kuwait,KW,KWT,Middle East & North Africa,4,2,2,2,2,5,1,1,1,1,1,3,3,3,3,5,5,1,3,3,2,3,2,,,,,,,,,,,,,,,,,,,,,,,,,,,,,,,,,,,,,,,,,,,,,,,,,,,,,,,,,,
Kyrgyzstan,KG,KGZ,Europe & Central Asia,2,5,5,5,3,5,5,3,5,5,5,5,5,5,3,5,5,3,5,5,5,5,5,1,1,1,1,1,1,1,1,1,1,1,1,1,1,1,1,1,1,1,1,1,1,1,1,1,1,1,1,1,1,1,1,1,1,1,1,1,1,1,1,1,1,1,1,1,1,1,1,1,1,1,1,1,1,1,1,1,1
Laos,LA,LAO,East Asia & Pacific,2,5,5,5,2,5,3,3,5,5,5,5,5,5,2,5,3,3,5,5,5,5,5,1,1,1,1,1,1,1,1,1,1,1,1,1,1,1,1,1,1,1,1,1,1,1,1,1,1,1,1,1,1,1,1,1,1,1,1,1,1,1,1,1,1,1,1,1,1,1,1,1,1,1,1,1,1,1,1,1,1
Latvia,LV,LVA,Europe & Central Asia,4,5,3,5,3,5,5,2,5,2,5,5,3,5,3,5,5,2,5,5,3,3,3,,,,,,,,,,,,,,,,,,,,,,,,,,,,,,,,,,,,,,,,,,,,,,,,,,,,,,,,,,
Lebanon,LB,LBN,Middle East & North Africa,2,1,1,9,9,1,1,1,1,1,1,1,1,9,9,1,1,1,1,1,1,1,1,0,0,0,0,0,0,0,0,0,0,0,0,0,0,0,0,0,0,0,0,0,0,0,0,0,0,0,0,0,0,0,0,0,0,0,0,0,0,0,0,0,0,0,0,0,0,0,0,0,0,0,0,0,0,0,0,0,0
Lesotho,LS,LSO,Sub-Saharan Africa,2,5,3,9,9,2,2,2,2,2,5,5,5,9,9,2,2,2,5,3,9,9,9,0,0,0,0,0,0,0,0,0,0,0,0,0,0,0,0,0,0,0,0,0,0,0,0,0,0,0,0,0,1,1,1,1,1,1,1,1,1,1,1,1,1,1,1,1,1,1,1,1,1,1,1,1,1,1,1,1,1
Liberia,LR,LBR,Sub-Saharan Africa,1,5,5,5,5,5,5,5,5,5,5,5,5,5,5,5,5,5,5,5,5,5,5,0,0,0,0,0,0,0,0,0,0,0,0,0,0,0,0,0,1,1,1,1,1,1,1,1,1,1,1,1,0,0,0,0,0,0,0,0,0,0,0,0,0,0,0,0,0,1,1,1,1,1,1,1,1,1,1,1,1
Libya,LY,LBY,Middle East & North Africa,2,5,5,5,1,3,3,3,5,3,5,5,5,5,1,3,3,3,5,5,5,5,5,1,1,1,1,1,1,1,1,1,1,1,1,1,1,1,1,1,1,1,1,1,1,1,1,1,1,1,1,1,0,0,0,0,0,0,0,0,0,0,0,0,0,0,0,0,0,0,0,0,1,1,1,1,1,1,1,1,1
Liechtenstein,LI,LIE,Europe & Central Asia,4,5,5,5,1,3,3,3,5,3,5,5,5,5,1,3,3,3,5,5,5,5,5,,,,,,,,,,,,,,,,,,,,,,,,,,,,,,,,,,,,,,,,,,,,,,,,,,,,,,,,,,
Lithuania,LT,LTU,Europe & Central Asia,4,5,5,5,1,3,3,3,5,5,2,5,5,5,1,3,3,3,5,5,5,5,5,,,,,,,,,,,,,,,,,,,,,,,,,,,,,,,,,,,,,,,,,,,,,,,,,,,,,,,,,,
Luxembourg,LU,LUX,Europe & Central Asia,4,5,5,5,1,3,3,3,5,3,5,5,5,5,1,3,3,3,5,5,5,5,5,,,,,,,,,,,,,,,,,,,,,,,,,,,,,,,,,,,,,,,,,,,,,,,,,,,,,,,,,,
North Macedonia,MK,MKD,Europe & Central Asia,2,5,5,5,3,5,5,3,5,5,5,5,5,5,3,5,5,3,5,5,5,5,5,1,1,1,1,1,1,1,1,1,1,1,1,1,1,1,1,1,1,1,1,1,1,1,1,1,1,1,1,1,1,1,1,1,1,1,1,1,1,1,1,1,1,1,1,1,1,1,1,1,1,1,1,1,1,1,1,1,1
Madagascar,MG,MDG,Sub-Saharan Africa,1,5,5,5,1,3,3,3,5,3,5,5,5,5,1,3,3,3,5,5,5,5,5,0,0,0,0,0,0,0,0,0,0,0,0,1,1,1,1,1,1,1,1,1,1,1,1,1,1,1,1,1,0,0,0,0,0,0,0,0,0,0,0,0,1,1,1,1,1,1,1,1,1,1,1,1,1,1,1,1,1
Malawi,MW,MWI,Sub-Saharan Africa,1,5,5,5,5,5,5,5,5,5,5,5,5,5,5,5,5,5,5,5,5,5,5,0,0,0,0,0,0,0,0,0,0,0,0,0,0,0,0,0,0,0,0,0,0,1,1,1,1,1,1,1,0,0,0,0,0,0,0,0,0,0,0,0,0,0,0,0,0,0,0,0,0,0,1,1,1,1,1,1,1
Malaysia,MY,MYS,East Asia & Pacific,2,5,5,1,1,2,2,2,2,3,5,5,5,1,1,2,2,2,5,5,1,1,1,,,,,,,,,,,,,,,,,,,,,,,,,,,,,,,,,,,,,,,,,,,,,,,,,,,,,,,,,,
Maldives,MV,MDV,South Asia,2,5,5,5,5,5,5,5,5,5,5,5,5,5,5,5,5,5,5,5,5,5,5,0,0,0,0,0,0,1,1,1,1,1,1,1,1,1,1,1,1,1,1,1,1,1,1,1,1,1,1,1,0,0,0,0,0,0,1,1,1,1,1,1,1,1,1,1,1,1,1,1,1,1,1,1,1,1,1,1,1
Mali,ML,MLI,Sub-Saharan Africa,1,3,3,3,2,5,3,1,1,1,1,5,5,5,2,5,3,3,3,3,3,5,2,0,0,0,0,0,0,0,0,0,0,0,0,0,0,0,0,0,0,0,0,0,0,0,0,0,0,0,0,0,1,1,1,1,1,1,1,1,1,1,1,1,1,1,1,1,1,1,1,1,1,1,1,1,1,1,1,1,1
Malta,MT,MLT,Europe & Central Asia,4,5,3,5,3,5,5,2,5,2,5,5,3,5,3,5,5,2,5,5,3,3,3,,,,,,,,,,,,,,,,,,,,,,,,,,,,,,,,,,,,,,,,,,,,,,,,,,,,,,,,,,
Marshall Islands,MH,MHL,East Asia & Pacific,2,5,5,9,9,2,2,2,2,5,5,5,5,9,9,2,2,2,5,5,9,9,9,,,,,,,,,,,,,,,,,,,,,,,,,,,,,,,,,,,,,,,,,,,,,,,,,,,,,,,,,,
Mauritania,MR,MRT,Sub-Saharan Africa,2,1,1,1,1,1,1,1,1,1,1,5,1,5,1,2,2,2,1,1,1,1,1,0,0,0,0,0,0,0,0,0,0,0,0,0,0,0,0,0,0,0,0,0,0,0,0,0,0,0,0,0,0,0,0,0,0,0,0,0,0,0,0,0,0,0,0,0,0,0,0,0,0,0,0,0,0,0,0,0,0
Mauritius,MU,MUS,Sub-Saharan Africa,2,5,5,5,5,5,5,5,5,5,5,5,5,5,5,5,5,5,5,5,5,5,5,,,,,,,,,,,,,,,,,,,,,,,,,,,,,,,,,,,,,,,,,,,,,,,,,,,,,,,,,,
Mexico,MX,MEX,Americas,2,5,5,5,5,5,5,5,5,5,5,5,5,5,5,5,5,5,5,5,5,5,5,0,0,0,0,0,0,0,0,0,0,0,0,0,0,0,0,0,0,0,0,0,0,0,0,1,1,1,1,1,0,0,0,0,0,0,0,0,0,0,0,0,0,0,0,0,0,0,0,0,0,0,0,0,1,1,1,1,1
"Micronesia, Federated States of",FM,FSM,East Asia & Pacific,2,1,1,1,1,1,1,1,1,1,1,1,1,1,1,1,1,1,1,1,1,1,1,,,,,,,,,,,,,,,,,,,,,,,,,,,,,,,,,,,,,,,,,,,,,,,,,,,,,,,,,,
Moldova,MD,MDA,Europe & Central Asia,2,5,5,5,3,5,5,3,5,3,5,5,5,5,3,5,5,3,5,5,5,5,5,0,0,0,0,0,0,0,0,0,0,0,0,0,1,1,1,1,1,1,1,1,1,1,1,1,1,1,1,1,1,1,1,1,1,1,1,1,1,1,1,1,1,1,1,1,1,1,1,1,1,1,1,1,1,1,1,1,1
Monaco,MC,MCO,Europe & Central Asia,4,5,5,5,3,5,5,3,5,3,5,5,5,5,3,5,5,3,5,5,5,5,5,,,,,,,,,,,,,,,,,,,,,,,,,,,,,,,,,,,,,,,,,,,,,,,,,,,,,,,,,,
Mongolia,MN,MNG,East Asia & Pacific,2,5,5,5,5,5,5,5,5,5,5,5,5,5,5,5,5,5,5,5,5,5,5,1,1,1,1,1,1,1,1,1,1,1,1,1,1,1,1,1,1,1,1,1,1,1,1,1,1,1,1,1,1,1,1,1,1,1,1,1,1,1,1,1,1,1,1,1,1,1,1,1,1,1,1,1,1,1,1,1,1
Montenegro,ME,MNE,Europe & Central Asia,2,5,5,5,3,5,5,3,5,5,5,5,5,5,3,5,5,3,5,5,5,5,5,,,,,,,,,,,,,1,1,1,1,1,1,1,1,1,1,1,1,1,1,1,1,1,,,,,,,,,,,,,1,1,1,1,1,1,1,1,1,1,1,1,1,1,1,1,1
Morocco,MA,MAR,Middle East & North Africa,2,5,5,5,1,3,3,3,5,3,5,5,5,5,1,3,3,3,5,5,5,5,5,0,0,0,0,0,0,0,0,0,1,1,1,1,1,1,1,1,1,1,1,1,1,1,1,1,1,1,1,1,1,1,1,1,1,1,1,1,1,1,1,1,1,1,1,1,1,1,1,1,1,1,1,1,1,1,1,1,1
Mozambique,MZ,MOZ,Sub-Saharan Africa,1,5,5,5,5,5,5,5,5,5,5,5,5,5,5,5,5,5,5,5,5,5,5,0,0,0,0,0,0,0,0,0,0,0,0,0,0,0,0,0,0,0,0,0,0,0,0,1,1,1,1,1,0,0,0,0,0,0,0,0,0,0,0,0,0,0,0,0,0,0,0,0,0,0,0,0,1,1,1,1,1
Myanmar,MM,MMR,East Asia & Pacific,2,5,5,,,,,,,5,5,5,5,,,,,,5,5,,,,0,0,0,0,0,0,0,0,0,0,0,0,0,0,0,0,0,0,0,0,0,0,0,0,1,1,1,1,1,1,1,1,1,1,1,1,1,1,1,1,1,1,1,1,1,1,1,1,1,1,1,1,1,1,1,1,1,1
Namibia,NA,NAM,Sub-Saharan Africa,2,5,5,9,9,2,2,2,2,3,5,5,5,9,9,2,2,2,5,5,9,9,9,0,1,1,1,1,1,1,1,1,1,1,1,1,1,1,1,1,1,1,1,1,1,1,1,1,1,1,1,1,1,1,1,1,1,1,1,1,1,1,1,1,1,1,1,1,1,1,1,1,1,1,1,1,1,1,1,1,1
Nauru,NR,NRU,East Asia & Pacific,4,5,5,5,5,5,5,5,5,5,5,5,5,5,5,5,5,5,5,5,5,5,5,,,,,,,,,,,,,,,,,,,,,,,,,,,,,,,,,,,,,,,,,,,,,,,,,,,,,,,,,,
Nepal,NP,NPL,South Asia,2,5,5,5,5,5,5,5,5,5,5,5,5,5,5,5,5,5,5,5,5,5,5,0,0,0,0,0,0,0,0,1,1,1,1,1,1,1,1,1,1,1,1,1,1,1,1,1,1,1,1,1,1,1,1,1,1,1,1,1,1,1,1,1,1,1,1,1,1,1,1,1,1,1,1,1,1,1,1,1,1
The Netherlands,NL,NLD,Europe & Central Asia,4,5,5,5,5,5,5,5,5,5,5,5,5,5,5,5,5,5,5,5,5,5,5,,,,,,,,,,,,,,,,,,,,,,,,,,,,,,,,,,,,,,,,,,,,,,,,,,,,,,,,,,
New Zealand,NZ,NZL,East Asia & Pacific,4,5,5,5,3,5,5,3,5,5,5,5,5,5,3,5,5,3,5,5,5,5,5,,,,,,,,,,,,,,,,,,,,,,,,,,,,,,,,,,,,,,,,,,,,,,,,,,,,,,,,,,
Nicaragua,NI,NIC,Americas,2,5,3,5,3,5,5,2,5,2,5,5,3,5,3,5,5,2,5,5,3,3,3,0,0,0,0,0,0,0,0,0,0,0,0,0,0,0,0,0,0,0,0,0,0,0,0,0,0,0,0,0,0,0,0,0,0,0,0,0,0,0,0,0,0,0,0,0,0,0,0,0,0,0,0,0,0,0,0,0,0
Niger,NE,NER,Sub-Saharan Africa,1,5,2,9,9,2,2,2,2,2,5,5,5,9,9,2,2,2,5,2,9,9,9,0,0,0,0,0,0,0,0,0,0,0,0,0,0,0,0,0,0,0,0,0,0,0,0,0,0,0,0,0,1,1,1,1,1,1,1,1,1,1,1,1,1,1,1,1,1,1,1,1,1,1,1,1,1,1,1,1,1
Nigeria,NG,NGA,Sub-Saharan Africa,2,5,5,1,5,2,2,2,2,5,5,5,5,1,5,2,2,2,5,5,1,1,1,0,0,0,0,0,0,0,0,0,0,1,1,1,1,1,1,1,1,1,1,1,1,1,1,1,1,1,1,1,0,0,0,0,0,0,0,0,0,0,1,1,1,1,1,1,1,1,1,1,1,1,1,1,1,1,1,1,1
Norway,NO,NOR,Europe & Central Asia,4,5,5,5,5,5,5,5,5,5,5,5,5,5,5,5,5,5,5,5,5,5,5,,,,,,,,,,,,,,,,,,,,,,,,,,,,,,,,,,,,,,,,,,,,,,,,,,,,,,,,,,
Oman,OM,OMN,Middle East & North Africa,4,5,5,1,1,2,2,2,2,3,5,5,5,1,1,2,2,2,5,5,1,1,1,0,0,1,1,1,1,1,1,1,1,1,1,1,1,1,1,1,1,1,1,1,1,1,1,1,1,1,1,1,0,0,1,1,1,1,1,1,1,1,1,1,1,1,1,1,1,1,1,1,1,1,1,1,1,1,1,1,1
Pakistan,PK,PAK,South Asia,2,3,3,3,3,5,5,1,1,1,1,5,5,5,5,5,5,5,3,3,3,5,2,0,0,0,0,0,0,0,0,0,0,0,0,0,0,0,0,0,0,0,0,0,0,0,0,0,0,0,0,0,1,1,1,1,1,1,1,1,1,1,1,1,1,1,1,1,1,1,1,1,1,1,1,1,1,1,1,1,1
Palau,PW,PLW,East Asia & Pacific,2,5,3,9,9,2,2,2,2,2,5,5,5,9,9,2,2,2,5,3,9,9,9,,,,,,,,,,,,,,,,,,,,,,,,,,,,,,,,,,,,,,,,,,,,,,,,,,,,,,,,,,
Panama,PA,PAN,Americas,4,5,5,5,5,5,5,5,5,5,5,5,5,5,5,5,5,5,5,5,5,5,5,0,0,0,0,0,0,0,0,0,0,0,0,0,0,0,0,0,0,0,0,1,1,1,1,1,1,1,1,1,0,0,0,0,0,0,0,0,0,0,0,0,0,0,0,0,0,0,0,0,1,1,1,1,1,1,1,1,1
Papua New Guinea,PG,PNG,East Asia & Pacific,2,5,3,9,9,2,2,2,2,2,5,5,5,9,9,2,2,2,5,3,9,9,9,,,,,,,,,,,,,,,,,,,,,,,,,,,,,,,,,,,,,,,,,,,,,,,,,,,,,,,,,,
Paraguay,PY,PRY,Americas,2,5,3,5,3,5,5,2,5,2,5,5,3,5,3,5,5,2,5,5,3,3,3,0,0,0,0,0,0,0,0,0,0,0,0,0,0,0,0,0,0,0,0,0,0,0,0,0,0,0,0,0,0,0,0,0,0,0,0,0,0,0,0,0,0,0,0,0,0,0,0,0,0,0,0,0,0,0,0,0,0
Peru,PE,PER,Americas,2,5,5,5,3,5,5,3,5,3,5,5,5,5,3,5,5,3,5,5,5,5,5,0,0,0,0,1,1,1,1,1,1,1,1,1,1,1,1,1,1,1,1,1,1,1,1,1,1,1,1,1,0,0,0,0,1,1,1,1,1,1,1,1,1,1,1,1,1,1,1,1,1,1,1,1,1,1,1,1,1
The Philippines,PH,PHL,East Asia & Pacific,2,5,5,5,5,5,5,5,5,5,5,5,5,5,5,5,5,5,5,5,5,5,5,1,1,1,1,1,1,1,1,1,1,1,1,1,1,1,1,1,1,1,1,1,1,1,1,1,1,1,1,1,1,1,1,1,1,1,1,1,1,1,1,1,1,1,1,1,1,1,1,1,1,1,1,1,1,1,1,1,1
Poland,PL,POL,Europe & Central Asia,4,5,5,5,3,5,5,3,5,5,5,5,5,5,5,5,5,5,5,5,5,5,5,,,,,,,,,,,,,,,,,,,,,,,,,,,,,,,,,,,,,,,,,,,,,,,,,,,,,,,,,,
Portugal,PT,PRT,Europe & Central Asia,4,5,3,5,3,5,5,2,5,2,5,5,3,5,3,5,5,2,5,5,3,3,3,,,,,,,,,,,,,,,,,,,,,,,,,,,,,,,,,,,,,,,,,,,,,,,,,,,,,,,,,,
Qatar,QA,QAT,Middle East & North Africa,4,3,3,1,1,2,2,1,1,1,1,5,5,1,1,2,2,2,3,3,1,1,1,0,0,0,0,0,0,0,0,0,0,0,0,0,0,0,0,0,0,0,0,0,0,0,0,0,0,0,0,0,0,0,0,0,0,0,0,0,0,0,0,1,1,1,1,1,1,1,1,1,1,1,1,1,1,1,1,1,1
Romania,RO,ROU,Europe & Central Asia,4,5,5,5,3,5,5,3,5,3,5,5,5,5,3,5,5,3,5,5,5,5,5,,,,,,,,,,,,,,,,,,,,,,,,,,,,,,,,,,,,,,,,,,,,,,,,,,,,,,,,,,
Russian Federation,RU,RUS,Europe & Central Asia,2,5,5,5,3,5,5,3,5,5,5,5,5,5,3,5,5,3,5,5,5,5,5,,,,,,,,,,,,,,,,,,,,,,,,,,,,,,,,,,,,,,,,,,,,,,,,,,,,,,,,,,
Rwanda,RW,RWA,Sub-Saharan Africa,1,5,5,5,5,5,5,5,5,5,5,5,5,5,5,5,5,5,5,5,5,5,5,1,1,1,1,1,1,1,1,1,1,1,1,1,1,1,1,1,1,1,1,1,1,1,1,1,1,1,1,1,1,1,1,1,1,1,1,1,1,1,1,1,1,1,1,1,1,1,1,1,1,1,1,1,1,1,1,1,1
Samoa,WS,WSM,East Asia & Pacific,2,5,3,5,3,5,5,2,5,2,5,5,5,5,5,5,5,5,3,3,3,5,2,0,0,0,0,0,0,0,0,0,0,0,0,0,0,0,0,0,0,0,0,0,0,0,0,0,0,0,0,0,1,1,1,1,1,1,1,1,1,1,1,1,1,1,1,1,1,1,1,1,1,1,1,1,1,1,1,1,1
San Marino,SM,SMR,Europe & Central Asia,4,5,5,5,3,5,5,3,5,5,5,5,5,5,3,5,5,3,5,5,5,5,5,,,,,,,,,,,,,,,,,,,,,,,,,,,,,,,,,,,,,,,,,,,,,,,,,,,,,,,,,,
Sao Tome and Principe,ST,STP,Sub-Saharan Africa,2,5,5,5,5,5,5,5,5,5,5,5,5,5,5,5,5,5,5,5,5,5,5,0,0,0,0,0,0,0,0,0,0,0,0,0,0,0,0,0,0,0,0,0,0,0,0,1,1,1,1,1,0,0,0,0,0,0,0,0,0,0,0,0,0,0,0,0,0,0,0,0,0,0,0,0,1,1,1,1,1
Saudi Arabia,SA,SAU,Middle East & North Africa,4,5,5,1,1,2,2,2,2,3,5,5,5,1,1,2,2,2,5,5,1,1,1,,,,,,,,,,,,,,,,,,,,,,,,,,,,,,,,,,,,,,,,,,,,,,,,,,,,,,,,,,
Senegal,SN,SEN,Sub-Saharan Africa,2,5,3,5,1,3,3,2,5,2,5,5,5,5,1,3,3,3,5,3,3,5,2,0,0,0,0,0,0,0,0,0,0,0,0,0,0,0,0,0,0,0,0,0,0,0,0,0,0,0,0,0,1,1,1,1,1,1,1,1,1,1,1,1,1,1,1,1,1,1,1,1,1,1,1,1,1,1,1,1,1
Serbia,RS,SRB,Europe & Central Asia,2,5,5,5,3,5,5,3,5,5,2,5,5,5,3,5,5,3,5,5,5,5,5,,,,,,,,,,,1,1,1,1,1,1,1,1,1,1,1,1,1,1,1,1,1,1,1,,,,,,,,,,,1,1,1,1,1,1,1,1,1,1,1,1,1,1,1,1,1,1,1
Seychelles,SC,SYC,Sub-Saharan Africa,4,5,5,5,5,5,5,5,5,5,5,5,5,5,5,5,5,5,5,5,5,5,5,,,,,,,,,,,,,,,,,,,,,,,,,,,,,,,,,,,,,,,,,,,,,,,,,,,,,,,,,,
Sierra Leone,SL,SLE,Sub-Saharan Africa,1,5,5,1,1,2,2,2,2,5,5,5,5,1,1,2,2,2,5,5,1,1,1,0,0,0,0,0,0,0,0,0,0,0,0,1,1,1,1,1,1,1,1,1,1,1,1,1,1,1,1,1,0,0,0,0,0,0,0,0,0,0,0,0,1,1,1,1,1,1,1,1,1,1,1,1,1,1,1,1,1
Singapore,SG,SGP,East Asia & Pacific,4,5,5,1,1,2,2,2,2,3,5,5,5,5,1,3,3,3,5,5,1,5,1,,,,,,,,,,,,,,,,,,,,,,,,,,,,,,,,,,,,,,,,,,,,,,,,,,,,,,,,,,
Slovakia,SK,SVK,Europe & Central Asia,4,5,5,5,3,5,5,3,5,5,5,5,5,5,3,5,5,3,5,5,5,5,5,,,,,,,,,,,,,,,,,,,,,,,,,,,,,,,,,,,,,,,,,,,,,,,,,,,,,,,,,,
Slovenia,SI,SVN,Europe & Central Asia,4,5,5,5,2,5,3,3,5,5,5,5,5,5,2,5,3,3,5,5,5,5,5,,,,,,,,,,,,,,,,,,,,,,,,,,,,,,,,,,,,,,,,,,,,,,,,,,,,,,,,,,
Solomon Islands,SB,SLB,East Asia & Pacific,2,5,2,9,9,2,2,2,2,2,5,5,2,9,9,2,2,2,5,5,9,9,9,,,,,,,,,,,,,,,,,,,,,,,,,,,,,,,,,,,,,,,,,,,,,,,,,,,,,,,,,,
Somalia,SO,SOM,Sub-Saharan Africa,1,5,3,5,1,3,3,2,5,2,5,5,5,5,1,3,3,3,5,3,3,5,2,0,0,0,0,0,0,0,0,0,0,0,0,0,0,0,0,0,0,0,0,0,0,0,0,0,0,0,0,0,1,1,1,1,1,1,1,1,1,1,1,1,1,1,1,1,1,1,1,1,1,1,1,1,1,1,1,1,1
South Africa,ZA,ZAF,Sub-Saharan Africa,2,5,2,1,1,2,2,2,2,2,5,5,5,1,1,2,2,2,5,2,1,1,1,0,0,0,0,0,0,0,0,0,0,0,0,0,0,0,0,0,0,0,0,0,0,0,0,0,0,0,0,0,1,1,1,1,1,1,1,1,1,1,1,1,1,1,1,1,1,1,1,1,1,1,1,1,1,1,1,1,1
South Sudan,SS,SSD,Sub-Saharan Africa,1,5,5,5,5,5,5,5,5,5,5,5,5,5,5,5,5,5,5,5,5,5,5,,,,,,,,,,,,,,,,,1,1,1,1,1,1,1,1,1,1,1,1,1,,,,,,,,,,,,,,,,,1,1,1,1,1,1,1,1,1,1,1,1,1
Spain,ES,ESP,Europe & Central Asia,4,5,5,5,5,5,5,5,5,5,5,5,5,5,5,5,5,5,5,5,5,5,5,,,,,,,,,,,,,,,,,,,,,,,,,,,,,,,,,,,,,,,,,,,,,,,,,,,,,,,,,,
Sri Lanka,LK,LKA,South Asia,2,5,5,1,1,2,2,2,2,5,5,5,5,1,1,2,2,2,5,5,1,1,1,1,1,1,1,1,1,1,1,1,1,1,1,1,1,1,1,1,1,1,1,1,1,1,1,1,1,1,1,1,1,1,1,1,1,1,1,1,1,1,1,1,1,1,1,1,1,1,1,1,1,1,1,1,1,1,1,1,1
St. Kitts and Nevis,KN,KNA,Americas,4,5,3,5,2,5,3,2,5,2,5,5,3,5,2,5,3,2,5,5,3,3,3,,,,,,,,,,,,,,,,,,,,,,,,,,,,,,,,,,,,,,,,,,,,,,,,,,,,,,,,,,
St. Lucia,LC,LCA,Americas,2,5,3,5,3,5,5,2,5,2,5,5,3,5,3,5,5,2,5,5,3,3,3,0,0,0,0,0,0,0,0,0,0,0,0,0,0,0,0,0,0,0,0,0,0,0,0,0,0,0,0,0,0,0,0,0,0,0,0,0,0,0,0,0,0,0,0,0,0,0,0,0,0,0,0,0,0,0,0,0,0
St. Vincent and the Grenadines,VC,VCT,Americas,2,5,2,5,2,5,2,2,5,2,5,5,3,5,3,5,5,2,5,3,2,3,2,,,,,,,,,,,,,,,,,,,,,,,,,,,,,,,,,,,,,,,,,,,,,,,,,,,,,,,,,,
Sudan,SD,SDN,Sub-Saharan Africa,1,1,1,1,1,1,1,1,1,1,1,1,1,1,1,1,1,1,1,1,1,1,1,0,0,0,0,0,0,0,0,0,0,0,0,0,0,0,0,0,0,0,0,0,0,0,0,0,0,0,0,0,0,0,0,0,0,0,0,0,0,0,0,0,0,0,0,0,0,0,0,0,0,0,0,0,0,0,0,0,0
Suriname,SR,SUR,Americas,2,5,2,1,1,2,2,2,2,2,5,5,3,2,1,3,2,2,5,3,1,2,1,0,0,0,0,0,0,0,0,0,0,0,0,0,0,0,0,0,0,0,0,0,0,0,0,0,0,0,0,0,0,0,0,0,0,0,0,0,0,0,0,0,0,0,0,0,0,0,0,0,0,0,0,0,0,0,0,0,0
Eswatini,SZ,SWZ,Sub-Saharan Africa,2,5,3,9,9,2,2,2,2,2,5,5,5,9,9,2,2,2,5,3,9,9,9,0,0,0,0,0,0,0,0,0,0,0,0,0,0,0,0,0,0,0,0,0,0,0,0,0,0,0,0,0,1,1,1,1,1,1,1,1,1,1,1,1,1,1,1,1,1,1,1,1,1,1,1,1,1,1,1,1,1
Sweden,SE,SWE,Europe & Central Asia,4,5,5,5,5,5,5,5,5,5,5,5,5,5,5,5,5,5,5,5,5,5,5,,,,,,,,,,,,,,,,,,,,,,,,,,,,,,,,,,,,,,,,,,,,,,,,,,,,,,,,,,
Switzerland,CH,CHE,Europe & Central Asia,4,5,5,5,5,5,5,5,5,5,5,5,5,5,5,5,5,5,5,5,5,5,5,,,,,,,,,,,,,,,,,,,,,,,,,,,,,,,,,,,,,,,,,,,,,,,,,,,,,,,,,,
Syria,SY,SYR,Middle East & North Africa,1,5,5,9,9,2,2,2,2,3,5,5,5,9,9,2,2,2,5,5,9,9,9,0,0,0,0,0,0,0,0,0,0,0,0,0,0,0,0,0,0,0,0,0,0,0,0,1,1,1,1,1,1,1,1,1,1,1,1,1,1,1,1,1,1,1,1,1,1,1,1,1,1,1,1,1,1,1,1,1,1
Tajikistan,TJ,TJK,Europe & Central Asia,2,5,5,5,3,5,5,3,5,5,5,5,5,5,3,5,5,3,5,5,5,5,5,,,,0,0,0,0,0,0,0,0,0,0,0,0,0,1,1,1,1,1,1,1,1,1,1,1,1,1,,,,0,0,0,0,0,0,0,0,0,0,0,0,0,1,1,1,1,1,1,1,1,1,1,1,1,1
Tanzania,TZ,TZA,Sub-Saharan Africa,2,5,2,,,,2,2,5,2,5,5,5,,,,,,5,2,,,,0,0,0,0,0,0,0,0,0,0,0,0,0,0,0,0,0,0,0,0,0,0,0,0,0,0,0,0,0,1,1,1,1,1,1,1,1,1,1,1,1,1,1,1,1,1,1,1,1,1,1,1,1,1,1,1,1,1
Thailand,TH,THA,East Asia & Pacific,2,5,3,1,1,2,2,2,2,2,5,5,3,1,1,2,2,2,5,5,1,1,1,0,0,0,0,0,0,0,0,0,0,0,0,0,0,0,0,0,0,0,0,0,0,0,0,0,0,0,0,0,0,0,0,0,0,0,0,0,0,0,0,0,0,0,0,0,0,0,0,0,0,0,0,0,0,0,0,0,0
Timor-Leste,TL,TLS,East Asia & Pacific,2,3,3,3,3,5,5,1,1,1,1,3,3,3,3,5,5,1,5,5,3,3,3,,,,,,,,,0,0,0,0,0,0,0,0,0,0,0,0,0,0,0,0,0,0,0,0,0,,,,,,,,,1,1,1,1,1,1,1,1,0,0,0,0,0,0,0,0,0,0,0,0,0
Togo,TG,TGO,Sub-Saharan Africa,1,5,5,5,3,5,5,3,5,3,5,5,5,5,3,5,5,3,5,5,5,5,5,0,0,0,0,0,0,0,0,0,0,0,0,1,1,1,1,1,1,1,1,1,1,1,1,1,1,1,1,1,1,1,1,1,1,1,1,1,1,1,1,1,1,1,1,1,1,1,1,1,1,1,1,1,1,1,1,1,1
Tonga,TO,TON,East Asia & Pacific,2,5,2,5,2,5,2,2,5,2,5,5,2,5,2,5,2,2,5,5,2,2,3,,,,,,,,,,,,,,,,,,,,,,,,,,,,,,,,,,,,,,,,,,,,,,,,,,,,,,,,,,
Trinidad and Tobago,TT,TTO,Americas,4,5,5,5,5,5,5,5,5,5,5,5,5,5,5,5,5,5,5,5,5,5,5,0,0,0,0,0,0,0,0,0,0,0,0,0,0,0,0,0,0,0,0,0,0,1,1,1,1,1,1,1,0,0,0,0,0,0,0,0,0,0,0,0,0,0,0,0,0,0,0,0,0,0,1,1,1,1,1,1,1
Tunisia,TN,TUN,Middle East & North Africa,2,5,5,5,1,3,3,3,5,3,5,5,5,5,1,3,3,3,5,5,5,5,5,0,0,0,0,0,0,0,0,0,0,0,0,1,1,1,1,1,1,1,1,1,1,1,1,1,1,1,1,1,1,1,1,1,1,1,1,1,1,1,1,1,1,1,1,1,1,1,1,1,1,1,1,1,1,1,1,1,1
Türkiye,TR,TUR,Europe & Central Asia,2,5,3,5,3,5,5,2,5,2,5,5,3,5,3,5,5,2,5,5,3,3,3,0,0,0,0,0,0,0,0,0,0,0,0,0,0,0,0,0,0,0,0,0,0,0,0,0,0,0,0,0,0,0,0,0,0,0,0,0,0,0,0,0,0,0,0,0,0,0,0,0,0,0,0,0,0,0,0,0,0
Turkmenistan,TM,TKM,Europe & Central Asia,2,5,5,5,3,5,5,3,5,5,5,5,5,5,3,5,5,3,5,5,5,5,5,0,0,0,0,0,0,0,0,0,0,0,0,0,0,0,0,0,1,1,1,1,1,1,1,1,1,1,1,1,0,0,0,0,0,0,0,0,0,0,0,0,0,0,0,0,0,1,1,1,1,1,1,1,1,1,1,1,1
Tuvalu,TV,TUV,East Asia & Pacific,2,5,5,5,5,5,5,5,5,5,5,5,5,5,5,5,5,5,5,5,5,5,5,,,,,,,,,,,,,,,,,,,,,,,,,,,,,,,,,,,,,,,,,,,,,,,,,,,,,,,,,,
Uganda,UG,UGA,Sub-Saharan Africa,1,5,5,1,1,2,2,2,2,5,5,5,5,1,1,2,2,2,5,5,1,1,1,1,1,1,1,1,1,1,1,1,1,1,1,1,1,1,1,1,1,1,1,1,1,1,1,1,1,1,1,1,1,1,1,1,1,1,1,1,1,1,1,1,1,1,1,1,1,1,1,1,1,1,1,1,1,1,1,1,1
Ukraine,UA,UKR,Europe & Central Asia,2,5,5,5,3,5,5,3,5,5,5,5,5,5,3,5,5,3,5,5,5,5,5,0,0,0,0,0,0,0,0,0,0,0,0,0,0,0,0,0,1,1,1,1,1,1,1,1,1,1,1,1,1,1,1,1,1,1,1,1,1,1,1,1,1,1,1,1,1,1,1,1,1,1,1,1,1,1,1,1,1
United Arab Emirates,AE,ARE,Middle East & North Africa,4,5,5,1,1,2,2,2,2,3,5,5,5,1,1,2,2,2,5,5,1,1,1,0,0,0,0,0,0,0,0,0,0,1,1,1,1,1,1,1,1,1,1,1,1,1,1,1,1,1,1,1,0,0,0,0,0,0,0,0,0,0,1,1,1,1,1,1,1,1,1,1,1,1,1,1,1,1,1,1,1
United Kingdom,GB,GBR,Europe & Central Asia,4,3,3,3,3,5,5,1,1,1,1,3,3,3,3,5,5,1,5,5,3,3,3,,,,,,,,,,,,,,,,,,,,,,,,,,,,,,,,,,,,,,,,,,,,,,,,,,,,,,,,,,
United States of America,US,USA,Americas,4,5,3,5,1,3,3,2,5,2,5,5,3,5,1,3,3,2,5,5,3,3,3,,,,,,,,,,,,,,,,,,,,,,,,,,,,,,,,,,,,,,,,,,,,,,,,,,,,,,,,,,
Uruguay,UY,URY,Americas,4,5,3,5,3,5,5,2,5,2,5,5,3,5,3,5,5,2,5,5,3,3,3,0,0,0,0,0,0,0,0,0,0,0,0,0,0,0,0,0,0,0,0,0,0,0,0,0,0,0,0,0,0,0,0,0,0,0,0,0,0,0,0,0,0,0,0,0,0,0,0,0,0,0,0,0,0,0,0,0,0
Uzbekistan,UZ,UZB,Europe & Central Asia,2,5,5,5,3,5,5,3,5,5,2,5,5,5,3,5,5,3,5,5,5,5,5,,,,0,0,0,0,0,0,0,0,0,0,0,0,0,0,0,0,0,0,0,0,0,1,1,1,1,1,,,,1,1,1,1,1,1,1,1,1,1,1,1,1,1,1,1,1,1,1,1,1,1,1,1,1,1
Vanuatu,VU,VUT,East Asia & Pacific,2,5,3,5,3,5,5,2,5,2,5,5,5,5,5,5,5,5,5,3,3,5,2,0,0,0,0,0,0,0,0,0,0,0,0,0,0,0,0,0,0,0,0,0,0,0,0,0,0,0,0,0,1,1,1,1,1,1,1,1,1,1,1,1,1,1,1,1,1,1,1,1,1,1,1,1,1,1,1,1,1
Venezuela,VE,VEN,Americas,,5,5,5,3,5,5,3,5,5,5,5,5,5,3,5,5,3,5,5,5,5,5,0,0,0,0,0,0,0,0,0,0,0,0,0,0,0,0,0,0,0,0,0,0,0,0,0,0,1,1,1,0,0,0,0,0,0,0,0,0,0,0,0,0,0,0,0,0,0,0,0,0,0,0,0,0,0,1,1,1
Vietnam,VN,VNM,East Asia & Pacific,2,5,5,5,5,5,5,5,5,5,5,5,5,5,5,5,5,5,3,3,5,5,3,1,1,1,1,1,1,1,1,1,1,1,1,1,1,1,1,1,1,1,1,1,1,1,1,1,1,1,1,1,1,1,1,1,1,1,1,1,1,1,1,1,1,1,1,1,1,1,1,1,1,1,1,1,1,1,1,1,1
Yemen,YE,YEM,Middle East & North Africa,1,1,1,1,1,1,1,1,1,1,1,1,1,1,1,1,1,1,1,1,1,1,1,0,0,0,0,0,0,0,0,0,0,0,0,0,0,0,0,0,0,0,0,0,0,0,0,0,0,0,0,0,0,0,0,0,0,0,0,0,0,0,0,0,0,0,0,0,0,0,0,0,0,0,0,0,0,0,0,0,0
Zambia,ZM,ZMB,Sub-Saharan Africa,2,5,5,5,5,5,5,5,5,5,5,5,5,5,5,5,5,5,5,5,5,5,5,0,0,0,0,0,0,0,0,0,0,0,0,0,0,0,0,0,0,0,0,0,0,0,0,0,0,0,1,1,0,0,0,0,0,0,0,0,0,0,0,0,0,0,0,0,0,0,0,0,0,0,0,0,0,0,0,1,1
Zimbabwe,ZW,ZWE,Sub-Saharan Africa,2,5,5,5,5,5,5,5,5,5,5,5,5,5,5,5,5,5,5,5,5,5,5,0,0,0,0,0,0,0,0,0,0,0,0,0,0,0,0,0,0,0,0,0,0,0,0,0,0,0,1,1,1,1,1,1,1,1,1,1,1,1,1,1,1,1,1,1,1,1,1,1,1,1,1,1,1,1,1,1,1
